Primer Name	Sequence	Pool	Length	Tm	GC%	Start End
01_1_LEFT	TAAGGCGA	1	8	60	37.5	1	1
01_1_RIGHT	TAGATCGC	2	8	60	50	1	1
02_2_LEFT	CGTACTAG	1	8	60	50	1	1
02_2_RIGHT	CTCTCTAT	2	8	60	37.5	1	1
03_3_LEFT	AGGCAGAA	1	8	60	50	1	1
03_3_RIGHT	TATCCTCT	2	8	60	37.5	1	1
04_4_LEFT	TCCTGAGC	1	8	60	62.5	1	1
04_4_RIGHT	AGAGTAGA	2	8	60	50	1	1
05_5_LEFT	GGACTCCT	1	8	60	62.5	1	1
05_5_RIGHT	GTAAGGAG	2	8	60	50	1	1
06_6_LEFT	TAGGCATG	1	8	60	50	1	1
06_6_RIGHT	ACTGCATA	2	8	60	37.5	1	1
07_7_LEFT	CTCTCTAC	1	8	60	50	1	1
07_7_RIGHT	AAGGAGTA	2	8	60	37.5	1	1
08_8_LEFT	CAGAGAGG	1	8	60	62.5	1	1
08_8_RIGHT	CTAAGCCT	2	8	60	50	1	1
09_9_LEFT	GCTACGCT	1	8	60	62.5	1	1
09_9_RIGHT	CGTCTAAT	2	8	60	37.5	1	1
10_10_LEFT	CGAGGCTG	1	8	60	62.5	1	1
10_10_RIGHT	TCTCTCCG	2	8	60	50	1	1
11_11_LEFT	AAGAGGCA	1	8	60	50	1	1
11_11_RIGHT	TCGACTAG	2	8	60	50	1	1
12_12_LEFT	GTAGAGGA	1	8	60	50	1	1
12_12_RIGHT	TTCTAGCT	2	8	60	37.5	1	1
13_13_LEFT	GCTCATGA	1	8	60	50	1	1
13_13_RIGHT	CCTAGAGT	2	8	60	50	1	1
14_14_LEFT	ATCTCAGG	1	8	60	50	1	1
14_14_RIGHT	GCGTAAGA	2	8	60	50	1	1
15_15_LEFT	ACTCGCTA	1	8	60	50	1	1
15_15_RIGHT	CTATTAAG	2	8	60	25	1	1
16_16_LEFT	GGAGCTAC	1	8	60	62.5	1	1
16_16_RIGHT	AAGGCTAT	2	8	60	37.5	1	1
17_17_LEFT	GCGTAGTA	1	8	60	50	1	1
17_17_RIGHT	GAGCCTTA	2	8	60	50	1	1
18_18_LEFT	CGGAGCCT	1	8	60	75	1	1
18_18_RIGHT	TTATGCGA	2	8	60	37.5	1	1